<?xml version='1.0' encoding='utf-8' standalone='yes' ?>
<map>
    <string name="type_image_mp3">ic_baseline_audio_file_24.xml</string>
    <string name="type_image_wav">ic_baseline_audio_file_24.xml</string>
    <string name="type_image_aiff">ic_baseline_audio_file_24.xml</string>
    <string name="type_image_ogg">ic_baseline_audio_file_24.xml</string>
    <string name="type_image_flac">ic_baseline_audio_file_24.xml</string>
    <string name="type_image_m4a">ic_baseline_audio_file_24.xml</string>
    <string name="type_image_wma">ic_baseline_audio_file_24.xml</string>
    <string name="type_image_amr">ic_baseline_audio_file_24.xml</string>
    <string name="type_image_txt">ic_baseline_text_snippet_24.xml</string>
    <string name="type_image_rtf">ic_baseline_text_snippet_24.xml</string>
    <string name="type_image_ini">ic_baseline_settings_suggest_24.xml</string>
    <string name="type_image_htm">ic_baseline_html_24.xml</string>
    <string name="type_image_html">ic_baseline_html_24.xml</string>



    <string name="type_mime_mp3">audio/*</string>
    <string name="type_mime_wav">audio/*</string>
    <string name="type_mime_aiff">audio/*</string>
    <string name="type_mime_ogg">audio/*</string>
    <string name="type_mime_flac">audio/*</string>
    <string name="type_mime_m4a">audio/*</string>
    <string name="type_mime_wma">audio/*</string>
    <string name="type_mime_amr">audio/*</string>
    <string name="type_mime_txt">text/*</string>
    <string name="type_mime_rtf">text/*</string>
    <string name="type_mime_ini">text/*</string>

</map>
